MODEL/NAME,COLORS,"ColorCode","SUGG.RETAIL",,KAWASAKI PROTECTION PLUS,,,
"",,,,,12-Month Progra,24-Month Program,36-Month Progra,48-Month Program
"",,,,,"SUGGESTEDRETAIL","SUGGESTEDRETAIL","SUGGESTEDRETAIL","SUGGESTEDRETAIL"
"",,,,330386484594,,,,
"(A)KLX300EPFNNKLX®300SMKLX300EPFNL(50 STATE)",Neon Green,GN1,"6,299",330,386,484,594,
"",Ebony,BK1,,,,,,
"(A)ZX636HPFNNNinja® ZXTM-6RZX636HPFNL(50 STATE)",Metallic Matte Twilight Blue/Metallic Diablo Black,BU1,"10,699",,418,462,594,704
"(A)ZX636HPFANNinja® ZXTM-6RZX636HPFAL(50 STATE)","pyBlack",GY1,"10,999",,418,462,594,704
"(A)ZX636GPFANNinja® ZXTM-6R ABSpyZX636GPFAL(50 STATE)Black",GY1,"11,999",,418,462,594,704,
"",,,,308352396N/A,,,,
KLX110CPFNNKLX®110R,Lime Green,GN1,"2,649",308,352,396,N/A,
KLX110DPFNNKLX®110R L,Lime Green,GN1,"2,849",,308,352,396,N/A
KLX140APFNNKLX®140R,Lime Green,GN1,"3,449",,308,352,396,N/A
KLX140BPFNNKLX®140R L,Lime Green,GN1,"3,749",,308,352,396,N/A
KLX140CPFNNKLX®140R F,Lime Green,GN1,"4,049",,308,352,396,N/A
"(A)KLX230EPFNNKLX®230RKLX230EPFNL(50 STATE)",Lime Green,GN1,"4,749",,308,352,396,N/A
"(A)KLX230FPFNNKLX®230R SKLX230FPFNL(50 STATE)",Lime Green,GN1,"4,749",,308,352,396,N/A
"(A)KLX300CPFNNKLX®300RKLX300CPFNL(50 STATE)",Lime Green,GN1,"5,899",,364,418,506,N/A
"",,,,N/AN/AN/AN/A,,,,
KX65CPFNNKXTM65,Lime Green,GN1,"3,999",N/A,N/A,N/A,N/A,
KX85CPFNNKXTM85,Lime Green,GN1,"4,699",,N/A,N/A,N/A,N/A
KX112APFNNKXTM112,Lime Green,GN1,"5,399",,N/A,N/A,N/A,N/A
KX252CPFNNKXTM250,Lime Green,GN1,"8,499",,N/A,N/A,N/A,N/A
KX252DPFNNKXTM250X,Lime Green,GN1,"8,599",,N/A,N/A,N/A,N/A
KX450JPFNNKXTM450,Lime Green,GN1,"9,599",,N/A,N/A,N/A,N/A
KX450KPFNNKXTM450X,Lime Green,GN1,"9,799",,N/A,N/A,N/A,N/A
"K-TRANSDESTINATIONCHARGE","FREIGHT &MATERIALSURCHARGE"
435,300,"7,034"
435,300,"11,434"
435,300,"11,734"
435,300,"12,734"
245,200,"3,094"
245,200,"3,294"
245,200,"3,894"
245,200,"4,194"
245,200,"4,494"
245,300,"5,294"
245,300,"5,294"
435,300,"6,634"
245,200,"4,444"
245,200,"5,144"
245,200,"5,844"
435,300,"9,234"
435,300,"9,334"
435,300,"10,334"
435,300,"10,534"
"(A)KLX300DPFNNKLX®300KLX300DPFNL(50 STATE)",Lime Green,GN1,"5,899",,330,386,484,594
"(A)KLX300DPFANKLX®300KLX300DPFAL(50 STATE)",Fragment Camo Gray,GY1,"6,099",,330,386,484,594
435,300,"6,634"
435,300,"6,834"
MODEL/NAME,COLORS,"ColorCode","PkgCode","DEALERCOST","ASSY &PREPCREDIT","K-TRANSCHARGE","Freight &MaterialSURCHARGE","DEALERINVOICEAMOUNT","SUGG.RETAIL"
KAWASAKI PROTECTION PLUS,,,,,,
12-Month Program,24-Month Program,36-Month Program,48-Month Program,,,
"SUGG.RETAIL","DEALERNET COS","SUGG.RETAIL","DEALERNET COS","SUGG.RETAIL","DEALERNET COS","SUGG.RETAIL"
"(A)KLX300EPFNNKLX®300SMKLX300EPFNL(50 STATE)",Neon Green,GN1,1,"5,579",99,435,"0300","6,215","6,299"
"",Ebony,BK1,2,,,,,,
"(A)ZX636HPFNNNinja® ZXTM-6RZX636HPFNL(50 STATE)",Metallic Matte Twilight Blue/Metallic Diablo Black,BU1,1,"9,389",81,435,"0300","10,043","10,699"
"(A)ZX636HPFANNinja® ZXTM-6RZX636HPFAL(50 STATE)",Metallic Matte Graphenesteel Gray/Metallic Diablo B,GY1,1,"9,650",81,435,"0300","10,304","10,999"
"(A)ZX636GPFANNinja® ZXTM-6R ABSZX636GPFAL(50 STATE)",Metallic Matte Graphenesteel Gray/Metallic Diablo B,GY1,1,"10,520",81,435,"0300","11,174","11,999"
165,330,193,386,242,484,297,594
209,418,231,462,297,594,352,704
209,418,231,462,297,594,352,704
209,418,231,462,297,594,352,704
KLX®110RKLX110CPFNN,Lime Green,GN1,1,"2,380",76,245,200,"2,749","2,649"
KLX®110R LKLX110DPFNN,Lime Green,GN1,1,"2,554",76,245,200,"2,923","2,849"
KLX®140RKLX140APFNN,Lime Green,GN1,1,"3,087",87,245,200,"3,445","3,449"
KLX®140R LKLX140BPFNN,Lime Green,GN1,1,"3,348",87,245,200,"3,706","3,749"
KLX®140R FKLX140CPFNN,Lime Green,GN1,1,"3,609",87,245,200,"3,967","4,049"
"(A)KLX230EPFNNKLX®230RKLX230EPFNL(50 STATE)",Lime Green,GN1,1,"4,236",105,245,"0300","4,676","4,749"
154,308,176,352,198,396,N/A,N/A
154,308,176,352,198,396,N/A,N/A
154,308,176,352,198,396,N/A,N/A
154,308,176,352,198,396,N/A,N/A
154,308,176,352,198,396,N/A,N/A
154,308,176,352,198,396,N/A,N/A
"(A)KLX230FPFNNKLX®230R SKLX230FPFNL(50 STATE)",Lime Green,GN1,1,"4,236",105,245,"0300","4,676","4,749"
"(A)KLX300CPFNNKLX®300RKLX300CPFNL(50 STATE)",Lime Green,GN1,1,"5,238",106,435,"0300","5,867","5,899"
"KXTM65KX65CPFNN",Lime Green,GN1,1,"3,568",89,245,200,"3,924","3,999"
"KXTM85KX85CPFNN",Lime Green,GN1,1,"4,177",89,245,200,"4,533","4,699"
"KXTM112KX112APFNN",Lime Green,GN1,1,"4,786",89,245,200,"5,142","5,399"
"KXTM250KX252CPFNN",Lime Green,GN1,1,"7,489",95,435,300,"8,129","8,499"
"KXTM250XKX252DPFNN",Lime Green,GN1,1,"7,576",95,435,300,"8,216","8,599"
"KXTM450KX450JPFNN",Lime Green,GN1,1,"8,461",110,435,300,"9,086","9,599"
"KXTM450XKX450KPFNN",Lime Green,GN1,1,"8,640",115,435,300,"9,260","9,799"
154,308,176,352,198,396,N/A,N/A
182,364,209,418,253,506,N/A,N/A
N/A,N/A,N/A,N/A,N/A,N/A,N/A,N/A
N/A,N/A,N/A,N/A,N/A,N/A,N/A,N/A
N/A,N/A,N/A,N/A,N/A,N/A,N/A,N/A
N/A,N/A,N/A,N/A,N/A,N/A,N/A,N/A
N/A,N/A,N/A,N/A,N/A,N/A,N/A,N/A
N/A,N/A,N/A,N/A,N/A,N/A,N/A,N/A
N/A,N/A,N/A,N/A,N/A,N/A,N/A,N/A
"(A)KLX300DPFNNKLX®300KLX300DPFNL(50 STATE)",Lime Green,GN1,1,"5,231",99,435,"0300","5,867","5,899"
"(A)KLX300DPFANKLX®300KLX300DPFAL(50 STATE)",Fragment Camo Gray,GY1,1,"5,405",99,435,"0300","6,041","6,099"
165,330,193,386,242,484,297,594
165,330,193,386,242,484,297,594
MODEL/NAME,"DEALERINVOICEAMOUNT","FREIGHT& MATERIALSURCHARGE","K-TRANSCHARGE","RETAILBONUS","DEALERNET COST","SUGG.RETAIL"
"(A)KLX300EPFNNKLX®300SMKLX300EPFNL(50 STATE)","6,215","0300",435,315,"5,165","6,299"
"(A)ZX636HPFNNNinja® ZXTM-6RZX636HPFNL(50 STATE)","10,043","0300",435,535,"8,773","10,699"
"(A)ZX636HPFANNinja® ZXTM-6RZX636HPFAL(50 STATE)","10,304","0300",435,550,"9,019","10,999"
"(A)ZX636GPFANNinja® ZXTM-6R ABSZX636GPFAL(50 STATE)","11,174","0300",435,600,"9,839","11,999"
"KLX®110RKLX110CPFNN","2,749",200,245,132,"2,172","2,649"
"KLX®110R LKLX110DPFNN","2,923",200,245,142,"2,336","2,849"
"KLX®140RKLX140APFNN","3,445",200,245,172,"2,828","3,449"
"KLX®140R LKLX140BPFNN","3,706",200,245,187,"3,074","3,749"
"KLX®140R FKLX140CPFNN","3,967",200,245,202,"3,320","4,049"
"(A)KLX230EPFNNKLX®230RKLX230EPFNL(50 STATE)","4,676","0300",245,237,"3,894","4,749"
"(A)KLX230FPFNNKLX®230R SKLX230FPFNL(50 STATE)","4,676","0300",245,237,"3,894","4,749"
"(A)KLX300CPFNNKLX®300RKLX300CPFNL(50 STATE)","5,867","0300",435,295,"4,837","5,899"
"KXTM65KX65CPFNN","3,924",200,245,200,"3,279","3,999"
"KXTM85KX85CPFNN","4,533",200,245,235,"3,853","4,699"
"KXTM112KX112APFNN","5,142",200,245,270,"4,427","5,399"
"KXTM250KX252CPFNN","8,129",300,435,425,"6,969","8,499"
"KXTM250XKX252DPFNN","8,216",300,435,430,"7,051","8,599"
"KXTM450KX450JPFNN","9,086",300,435,480,"7,871","9,599"
"KXTM450XKX450KPFNN","9,260",300,435,490,"8,035","9,799"
"(A)KLX300DPFNNKLX®300KLX300DPFNL(50 STATE)","5,867","0300",435,295,"4,837","5,899"
"(A)KLX300DPFANKLX®300KLX300DPFAL(50 STATE)","6,041","0300",435,305,"5,001","6,099"
"",,,,,KAWASAKI PROTECTION PLUS,,,,MSRP
"",,,,12-Month Program,24-Month Program 36-Month Program,48-Month Program,K-TRANS,FREIGHT &,with DESTINATI
"",,Color,SUGG.,SUGGESTED,SUGGESTED SUGGESTED,SUGGESTED,DESTINATION,MATERIAL,&SURCHARGE
MODEL/NAME,COLORS,Code,RETAIL,RETAIL,RETAIL RETAIL,RETAIL,CHARGE,SURCHARGE,
"",,,,,KAWASAKI PROTECTION PLUS,,,,MSRP
"",,,,12-Month Program,24-Month Program 36-Month Program,48-Month Program,K-TRANS,FREIGHT &,with DESTINATION
"",,Color,SUGG.,SUGGESTED,SUGGESTED SUGGESTED,SUGGESTED,DESTINATION,MATERIAL,&SURCHARGE
MODEL/NAME,COLORS,Code,RETAIL,RETAIL,RETAIL RETAIL,RETAIL,CHARGE,SURCHARGE,
(A),BR125JNFNN,,Z125 PRO Metallic Flat Spark Black,BK1,,,,,,,,
"",BR125JNFNL,(50 STATE),Pearl Robotic White / Candy Plasma Blue,WT1,,0,0,0,0,0,,0
"",,,Pearl Shining Yellow,YL1,"3,399",330,386,484,594,245,200,"3,844"
(A),KLE300CNFAN,,Versys®-X 300 ABS,,,,,,,,,
"",KLE300CNFAL,(50 STATE),Metallic Ocean Blue/Pearl Robotic White,BU1,"6,099",330,386,484,594,435,300,"6,834"
(A),KLX300ENFNN,,KLX®300SM Lime Green / Ebony,GN1,,,,,,,,
"",KLX300ENFNL,(50 STATE),Ebony,BK1,"6,199",330,386,484,594,435,300,"6,934"
(A),ER400DNFNN,,Z400 ABS Pearl Robotic White / Metallic Matte Graphenesteel Gray,WT1,,,,,,,,
"",ER400DNFNL,(50 STATE),Candy Lime Green / Metallic Spark Black,GN1,"5,199",330,386,484,594,435,300,"5,934"
(A),EX400GNFNN,,Ninja® 400 ABS,,,,,,,,,
"",EX400GNFNL,(50 STATE),Metallic Carbon Gray/Metallic Flat Spark Black,GY1,"5,599",330,386,484,594,435,300,"6,334"
(A),EX400GNFAN,,Ninja® 400 ABS Metallic Matte Twilight Blue/Metallic Graphite Gray,BU1,,,,,,,,
"",EX400GNFAL,(50 STATE),KRT Edition Lime Green/Ebony/Pearl Blizzard White,GN1,"5,799",330,386,484,594,435,300,"6,534"
(A),EX400HNFNN,,Ninja® 400,,,,,,,,,
"",EX400HNFNL,(50 STATE),Metallic Carbon Gray/Metallic Flat Spark Black,GY1,"5,199",330,386,484,594,435,300,"5,934"
(A),EX400HNFAN,,Ninja® 400,,,,,,,,,
"",EX400HNFAL,(50 STATE),Metallic Matte Twilight Blue/Metallic Graphite Gray,BU1,"5,399",330,386,484,594,435,300,"6,134"
(A),ZX636HNFNN,,Ninja® ZXTM-6R,,,,,,,,,
"",ZX636HNFNL,(50 STATE),Metallic Matte Twilight Blue/Metallic Diablo Black,BU1,"10,499",418,462,594,704,435,300,"11,234"
(A),ZX636HNFAN,,Ninja® ZXTM-6R,,,,,,,,,
"",ZX636HNFAL,(50 STATE),Metallic Matte Graphenesteel Gray/Metallic Diablo Black,GY1,"10,799",418,462,594,704,435,300,"11,534"
(A),ZX636HNFAN,,Ninja® ZXTM-6R KRT Edition,,,,,,,,,
"",ZX636HNFAL,(50 STATE),Lime Green/Ebony/Pearl Blizzard White,GN1,"10,799",418,462,594,704,435,300,"11,534"
(A),ZX636GNFAN,,Ninja® ZXTM-6R ABS KRT Edition,,,,,,,,,
"",ZX636GNFAL,(50 STATE),Lime Green/Ebony/Pearl Blizzard White,GN1,"11,799",418,462,594,704,435,300,"12,534"
(A),ER650KNFAN,,Z650 ABS,,,,,,,,,
"",ER650KNFAL,(50 STATE),Pearl Robotic White/Metallic Matte Graphenesteel Gray,WT1,"8,049",418,462,594,704,435,300,"8,784"
"",,,Z650 50th Anniversary,,,,,,,,,
"",ER650KNFCL,(50 STATE),Firecracker Red,RD1,"8,299",418,462,594,704,435,300,"9,034"
(A),ER650LNFNN,,Z650,,,,,,,,,
"",ER650LNFNL,(50 STATE),Metallic Spark Black/Metallic Flat Spark Black,BK1,"7,549",418,462,594,704,435,300,"8,284"
"",,,Z650RS 50th Anniversary,,,,,,,,,
"",ER650MNACL,(50 STATE),Candy Diamond Brown,BN1,"9,249",418,462,594,704,435,300,"9,984"
(A),ER650MNFAN,,Z650RS,,,,,,,,,
"",ER650MNFAL,(50 STATE),Metallic Moondust Gray/Ebony,GY1,"8,999",418,462,594,704,435,300,"9,734"
(A),ER650MNFBN,,Z650RS,,,,,,,,,
"",ER650MNFBL,(50 STATE),Candy Emerald Green,GN1,"8,999",418,462,594,704,435,300,"9,734"
(A),EX650MNFNN,,Ninja® 650 ABS,,,,,,,,,
"",EX650MNFNL,(50 STATE),Metallic Matte Graphenesteel Gray,GY1,"8,299",418,462,594,704,435,300,"9,034"
(A),EX650MNFAN,,Ninja® 650 ABS Pearl Robotic White/Metallic Carbon Gray,WT1,,,,,,,,
"",EX650MNFAL,(50 STATE),KRT Edition Lime Green/Ebony/Pearl Blizzard White,GN1,"8,499",418,462,594,704,435,300,"9,234"
(A),EX650NNFNN,,Ninja® 650,,,,,,,,,
"",EX650NNFNL,(50 STATE),Metallic Matte Graphenesteel Gray,GY1,"7,899",418,462,594,704,435,300,"8,634"
(A),EX650NNFAN,,Ninja® 650 Pearl Robotic White/Metallic Carbon Gray,WT1,,,,,,,,
"",EX650NNFAL,(50 STATE),KRT Edition Lime Green/Ebony/Pearl Blizzard White,GN1,"8,099",418,462,594,704,435,300,"8,834"
(A),EN650CNFAN,,Vulcan® S Metallic Matte Graphenesteel Gray/Metallic Matte Graphite Gray,GY1,,,,,,,,
"",EN650CNFAL,(50 STATE),Pearl Robotic White,WT1,"7,449",418,462,594,704,435,300,"8,184"
(A),EN650DNFAN,,Vulcan® S ABS Metallic Matte Graphenesteel Gray/Metallic Matte Graphite Gray,GY1,,,,,,,,
"",EN650DNFAL,(50 STATE),Pearl Robotic White,WT1,"7,849",418,462,594,704,435,300,"8,584"
(A),EN650LNFNN,,Vulcan® S CAFE,,,,,,,,,
"",EN650LNFNL,(50 STATE),Ebony/Pearl Robotic White/Candy Steel Furnace Orange,BK1,"8,049",418,462,594,704,435,300,"8,784"
"",,,,,KAWASAKI PROTECTION PLUS,,,,MSRP
"",,,,12-Month Program,24-Month Program 36-Month Program,48-Month Program,K-TRANS,FREIGHT &,with DESTINATI
"",,Color,SUGG.,SUGGESTED,SUGGESTED SUGGESTED,SUGGESTED,DESTINATION,MATERIAL,&SURCHARGE
MODEL/NAME,COLORS,Code,RETAIL,RETAIL,RETAIL RETAIL,RETAIL,CHARGE,SURCHARGE,
"",,,,,KAWASAKI PROTECTION PLUS,,,,MSRP
"",,,,12-Month Program,24-Month Program 36-Month Program,48-Month Program,K-TRANS,FREIGHT &,with DESTINATION
"",,Color,SUGG.,SUGGESTED,SUGGESTED SUGGESTED,SUGGESTED,DESTINATION,MATERIAL,&SURCHARGE
MODEL/NAME,COLORS,Code,RETAIL,RETAIL,RETAIL RETAIL,RETAIL,CHARGE,SURCHARGE,
"",,,Versys® 650 ABS,,,,,,,,,,
"",KLE650HNFAL,(50 STATE),Candy Lime Green / Metallic Flat Spark Black/Metallic Spark Black,GN1,,"9,099",418,462,594,704,435,300,"9,834"
(A),KLE650HNFNN,,Versys® 650 ABS,,,,,,,,,,
"",KLE650HNFNL,(50 STATE),Metallic Spark Black/Metallic Flat Spark Black,BK1,,"8,899",418,462,594,704,435,300,"9,634"
"",KLE650HNFXL,(50 STATE),Versys® 650 LT,,,,,,,,,,
"",,,Metallic Spark Black/Metallic Flat Spark Black,BK1,,"9,999",418,462,594,704,435,300,"10,734"
"",,,W800,,,,,,,,,,
"",EJ800DNFNL,(50 STATE),Candy Fire Red/Metallic Diablo Black,RD1,,"9,199",418,462,594,704,435,300,"9,934"
"",VN900BNFAL,(50 STATE),Vulcan® 900 CLASSIC Metallic Dark Green/Pearl Robotic White,GN1,,"8,499",418,462,594,704,460,300,"9,259"
"",VN900CNFAL,(50 STATE),Vulcan® 900 CUSTOM Pearl Nightshade Teal/Metallic Graphite Gray,BU1,,"8,999",418,462,594,704,460,300,"9,759"
"",VN900DNFNL,(50 STATE),Vulcan® 900 CLASSIC LT Pearl Robotic White/Pearl Nightshade Teal,WT1,,"9,499",418,462,594,704,460,300,"10,259"
"",ZR900CNFBL,(50 STATE),Z900RS Candytone Blue,BU1,,"11,749",418,462,594,704,460,400,"12,609"
"",ZR900CNACL,(50 STATE),Z900RS 50th Anniversary Candy Diamond Brown,BN1,,"12,049",418,462,594,704,460,400,"12,909"
"",ZR900ENFAL,(50 STATE),Z900RS CAFE Metallic Diablo Black,BK1,,"12,199",418,462,594,704,460,400,"13,059"
(A),ZR900FNFNN,,Z900 ABS,,,,0,0,0,0,0,,0
"",ZR900FNFNL,(50 STATE),,,,,0,0,0,0,0,,
(A),ZR900FNSNN,,Pearl Robotic White/Metallic Spark Black,WT1,,,,,,,,,
"",ZR900FNSNL,(50 STATE),Metallic Matte Twilight Blue/Metallic Spark Black,BU1,,"9,199",418,462,594,704,460,400,"10,059"
"",ZR900FNFCL,(50 STATE),Z900 50th Anniversary,,,,0,0,0,0,0,400,400
"",ZR900FNSCL,(50 STATE),Firecracker Red,RD1,,"9,499",418,462,594,704,460,401,"10,360"
"",,,Z900 SE,,,,,,,,,,
"",ZR900MNFNL,(50 STATE),,,,,,,,,,,
"",ZR900MNSNL,(50 STATE),Metallic Spark Black/Candy Lime Green,BK3,,"10,699",418,462,594,704,460,400,"11,559"
"",,,Z900RS SE,,,,,,,,,,
"",ZR900NNFNL,(50 STATE),Metallic Diablo Black,BK3,,"13,449",418,462,594,704,460,400,"14,309"
"",,,Versys® 1000 SE LT+ Metallic Graphite Gray/Metallic Diablo Black/Metallic Flat Spark,,,,,,,,,,
"",KLZ1000DNFXL,(50 STATE),Black,GY1,,"18,399",496,550,682,792,460,400,"19,259"
"",,,Z H2,,,,,,,,,,
"",ZR1000KNFAL,(50 STATE),Metallic Graphite Gray/Metallic Diablo Black,GY1,,"18,000","1,002","1,122","1,398","1,640",460,500,"18,960"
"",,,Z H2 SE,,,,,,,,,,
"",ZR1000LNFNL,(50 STATE),Metallic Diablo Black/Golden Blazed Green,GN2,,"20,200","1,002","1,122","1,398","1,640",460,500,"21,160"
"",,,Ninja H2®R,,,,,,,,,,
"",ZX1000YNFNN,(50 STATE),Mirror Coated Matte Spark Black,GY3,,"56,500",N/A,N/A,N/A,N/A,460,500,"57,460"
"",,,Ninja H2®,,,,,,,,,,
"",ZX1002JNFNL,(50 STATE),Mirror Coated Spark Black,GY1,,"30,500","1,002","1,122","1,398","1,640",460,500,"31,460"
"",,,Ninja H2® Carbon,,,,,,,,,,
"",ZX1002JNANL,(50 STATE),Mirror Coated Matte Spark Black/Candy Flat Blazed Green,GY2,,"34,000","1,002","1,122","1,398","1,640",460,500,"34,960"
"",,,Ninja H2® SX SE,,,,,,,,,,
"",ZX1002RNFNL,(50 STATE),Emerald Blazed Green/Metallic Diablo Black/Metallic Graphite Gray GN2,,,"27,500","1,002","1,122","1,398","1,640",460,500,"28,460"
"",,,Ninja® 1000SX,,,,,,,,,,
"",ZX1002KNFAL,(50 STATE),Metallic Matte Graphenesteel Gray/Metallic Diablo Black,GY1,,"12,899",496,550,682,792,460,400,"13,759"
"",,,Ninja® ZXTM-10R ABS,,,,,,,,,,
"",ZX1002LNFAL,(50 STATE),Metallic Matte Graphenesteel Gray/Metallic Diablo Black,GY1,,"18,199",496,550,682,792,460,400,"19,059"
"",,,Ninja® ZXTM-10R ABS KRT Edition,,,,,,,,,,
"",ZX1002LNFAL,(50 STATE),Lime Green/Ebony/Pearl Blizzard White,GN1,,"18,199",496,550,682,792,460,400,"19,059"
"",,,Ninja® ZXTM-10R KRT Edition,,,,,,,,,,
"",ZX1002MNFAL,(50 STATE),Lime Green/Ebony/Pearl Blizzard White,GN1,,"17,199",496,550,682,792,460,400,"18,059"
"",,,Ninja® ZXTM-10R,,,,,,,,,,
"",ZX1002MNFAL,(50 STATE),Metallic Matte Graphenesteel Gray/Metallic Diablo Black,GY1,,"17,199",496,550,682,792,460,400,"18,059"
"",,,Concours® 14 ABS,,,,,,,,,,
"",ZG1400ENFNL,(50 STATE),Metallic Spark Black,BK1,,"15,999",518,628,704,N/A,460,300,"16,759"
"",ZX1400JNFNL,(50 STATE),Ninja® ZXTM-14R ABS Pearl Storm Gray/Metallic Diablo Black,GY1,,"15,599",496,550,682,792,460,400,"16,459"
"",VN1700BNFNL,(50 STATE),Vulcan® 1700 Voyager® ABS Pearl Robotic White/Pearl Nightshade Teal,WT1,,"18,299",518,628,704,N/A,460,400,"19,159"
"",VN1700KNFAL,(50 STATE),Vulcan® 1700  Vaquero® ABS Metallic Matte Graphenesteel Gray,GY1,,"17,599",518,628,704,N/A,460,400,"18,459"
MODEL/NAME,COLORS,"ColorCode","SUGG.RETAIL"
KAWASAKI PROTECTION PLUS,,,
12-Month Program24-Month Program36-Month Program,48-Month Program,,
"SUGGESTEDRETAIL","SUGGESTEDRETAIL","SUGGESTEDRETAIL","SUGGESTEDRETAIL"
"K-TRANSDESTINATIONCHARGE","FREIGHT &MATERIALSURCHARGE","MSRPwith DESTINATION&SURCHARGE"
KLX110CNFNNKLX®110R,Lime Green,GN1,"2,499",308,352,396,N/A,
KLX110DNFNNKLX®110R L,Lime Green,GN1,"2,699",308,352,396,N/A,
KLX140ANFNNKLX®140R,Lime Green,GN1,"3,299",,308,352,396,N/A
KLX140BNFNNKLX®140R L,Lime Green,GN1,"3,599",308,352,396,N/A,
KLX140CNFNNKLX®140R F,Lime Green,GN1,"3,899",308,352,396,N/A,
"(A)KLX230ENFNNKLX®230RKLX230ENFNL(50 STATE)KLX230ENSNN",,GN1,"4,599","0308","0352","0396","0N/A",
"",Lime Green,,,,,,,
"(A)KLX230FNFNNKLX®230R SKLX230FNFNL(50 STATE)(A)KLX230FNSNNKLX230FNSNL(50 STATE)",Lime Green,GN1,"4,599","0308","0352","0396","0N/A",
"(A)KLX300CNFNNKLX®300RKLX300CNFNL(50 STATE)",Lime Green,GN1,"5,699",364,418,506,N/A,
245,200,"2,944"
245,200,"3,144"
245,200,"3,744"
245,200,"4,044"
245,200,"4,344"
"0245",300,"05,144"
"0245",300,"5,144"
435,300,"6,434"
KX65CNFNNKXTM65,Lime Green,GN1,"3,899",N/A,N/A,N/A,N/A,
KX85CNFNNKXTM85,Lime Green,GN1,"4,599",N/A,N/A,N/A,N/A,
KX112ANFNNKXTM112,Lime Green,GN1,"5,099",N/A,N/A,N/A,N/A,
KX252CNFNNKXTM250,Lime Green,GN1,"8,399",,N/A,N/A,N/A,N/A
KX252DNFNNKXTM250X,Lime Green,GN1,"8,499",N/A,N/A,N/A,N/A,
KX450JNFNNKXTM450,Lime Green,GN1,"9,599",N/A,N/A,N/A,N/A,
KX450KNFNNKXTM450X,Lime Green,GN1,"9,799",N/A,N/A,N/A,N/A,
KX450LNFNNKXTM450SR,Lime Green,GN1,"12,399",N/A,N/A,N/A,N/A,
245,200,"4,344"
245,200,"5,044"
245,200,"5,544"
435,300,"9,134"
435,300,"9,234"
435,300,"10,334"
435,300,"10,534"
435,300,"13,134"
"(A)KLX230BNSNNKLX®230KLX230BNSNL(50 STATE)",Lime Green,GN1,"4,799"
"(A)KLX230DNSNNKLX®230 SEKLX230DNSNL(50 STATE)",Firecracker Red,RD1,"4,999"
"",Oriental Blue,BU1,
"(A)KLX230GNFNNKLX®230 S ABSKLX230GNFNL(50 STATE)",Lime Green,GN1,"5,099"
"",Urban Olive Green/Ebony,GN3,
"(A)KLX230HNFNNKLX®230 SKLX230HNFNL(50 STATE)",Lime Green,GN1,"4,799"
"(A)KLX300DNFNNKLX®300KLX300DNFNL(50 STATE)",Lime Green,GN1,"5,799"
"(A)KLX300DNFANKLX®300KLX300DNFAL(50 STATE)",Fragment Camo Gray,GY1,"5,999"
"(A)KL650FNFNNKLR® 650 ABSKL650FNFNL(50 STATE)",Pearl Sand Khaki,GN1,"6,999"
"(A)KL650GNFNNKLR® 650KL650GNFNL(50 STATE)",Pearl Sand Khaki,GN1,"6,699"
"",Pearl Lava Orange,OG1,
"(A)KL650HNFANKLR® 650 ABS ADVENTUREKL650HNFAL(50 STATE)",Cypher Camo Gray,GY2,"7,999"
"(A)KL650HNSANKLR® 650 ABS ADVENTUREKL650HNSAL(50 STATE)(Non USB)",Cypher Camo Gray,GY2,"7,899"
"(A)KL650LNFANKLR® 650 ADVENTUREKL650LNFAL(50 STATE)",Cypher Camo Gray,GY2,"7,699"
"(A)KL650JNFNNKLR® 650 ABS TRAVELERKL650JNFNL(50 STATE)",Pearl Lava Orange,OG1,"7,399"
"(A)KL650JNSNNKLR® 650 ABS TRAVELERKL650JSNL(50 STATE)(Non USB)",Pearl Lava Orange,OG1,"7,299"
330,386,484,594
330,386,484,594
330,386,484,594
330,386,484,594
330,386,484,594
330,386,484,594
418,462,594,704
418,462,594,704
418,462,594,704
418,462,594,704
418,462,594,704
418,462,594,704
418,462,594,704
245,300,"5,344"
245,300,"5,544"
245,300,"5,644"
245,300,"5,344"
435,300,"6,534"
435,300,"6,734"
435,300,"7,734"
435,300,"7,434"
435,300,"8,734"
435,300,"8,634"
435,300,"8,434"
435,300,"8,134"
435,300,"8,034"
"",,,,,,,,,,KAWASAKI PROTECTION PLUS,
"",,,,,ASSY &,,DEALER,,12-Month Program,24-Month Program 36-Month Program,48-Month Program
"",,Color,Pkg,DEALER,PREP,K-TRANS,INVOICE,SUGG.,DEALER SUGG.,DEALER SUGG. DEALER SUGG.,DEALER SUGG.
MODEL/NAME,COLORS,Code,Code,COST,CREDIT,CHARGE,AMOUNT,RETAIL,NET COST RETAIL,NET COST RETAIL NET COST RETAIL,NET COST RETAIL
"",,,,,,,,,,KAWASAKI PROTECTION PLUS,
"",,,,,ASSY &,,DEALER,,12-Month Program,24-Month Program 36-Month Program,48-Month Program
"",,Color,Pkg,DEALER,PREP,K-TRANS,INVOICE,SUGG.,DEALER SUGG.,DEALER SUGG. DEALER SUGG.,DEALER SUGG.
MODEL/NAME,COLORS,Code,Code,COST,CREDIT,CHARGE,AMOUNT,RETAIL,NET COST RETAIL,NET COST RETAIL NET COST RETAIL,NET COST RETAIL
(A),BR125JNFNN,,Z125 PRO Metallic Flat Spark Black,BK1,1,,,,,,,,,,,,,
"",BR125JNFNL,(50 STATE),Pearl Robotic White / Candy Plasma Blue,WT1,2,,,,,,,,,,,,,
"",,,Pearl Shining Yellow,YL1,3,"3,072",115,245,"3,202","3,399",165,330,193,386,242,484,297,594
(A),KLE300CNFAN,,Versys®-X 300 ABS,,,,,,,,,,,,,,,
"",KLE300CNFAL,(50 STATE),Metallic Ocean Blue/Pearl Robotic White,BU1,1,"5,396",90,435,"5,741","6,099",165,330,193,386,242,484,297,594
(A),KLX300ENFNN,,KLX®300SM Lime Green / Ebony,GN1,1,,,,,,,,,,,,,
"",KLX300ENFNL,(50 STATE),Ebony,BK1,2,"5,492",99,435,"5,828","6,199",165,330,193,386,242,484,297,594
(A),ER400DNFNN,,Z400 ABS Pearl Robotic White / Metallic Matte Graphenesteel Gray,WT1,1,,,,,,,,,,,,,
"",ER400DNFNL,(50 STATE),Candy Lime Green / Metallic Spark Black,GN1,2,"4,506",87,435,"4,854","5,199",165,330,193,386,242,484,297,594
(A),EX400GNFNN,,Ninja® 400 ABS,,,,,,,,,,,,,,,
"",EX400GNFNL,(50 STATE),Metallic Carbon Gray/Metallic Flat Spark Black,GY1,1,"4,842",83,435,"5,194","5,599",165,330,193,386,242,484,297,594
(A),EX400GNFAN,,Ninja® 400 ABS Metallic Matte Twilight Blue/Metallic Graphite Gray,BU1,1,,,,,,,,,,,,,
"",EX400GNFAL,(50 STATE),KRT Edition Lime Green/Ebony/Pearl Blizzard White,GN1,2,"5,012",83,435,"5,364","5,799",165,330,193,386,242,484,297,594
(A),EX400HNFNN,,Ninja® 400,,,,,,,,,,,,,,,
"",EX400HNFNL,(50 STATE),Metallic Carbon Gray/Metallic Flat Spark Black,GY1,1,"4,502",83,435,"4,854","5,199",165,330,193,386,242,484,297,594
(A),EX400HNFAN,,Ninja® 400,,,,,,,,,,,,,,,
"",EX400HNFAL,(50 STATE),Metallic Matte Twilight Blue/Metallic Graphite Gray,BU1,1,"4,672",83,435,"5,024","5,399",165,330,193,386,242,484,297,594
(A),ZX636HNFNN,,Ninja® ZXTM-6R,,,,,,,,,,,,,,,
"",ZX636HNFNL,(50 STATE),Metallic Matte Twilight Blue/Metallic Diablo Black,BU1,1,"9,212",78,435,"9,569","10,499",209,418,231,462,297,594,352,704
(A),ZX636HNFAN,,Ninja® ZXTM-6R,,,,,,,,,,,,,,,
"",ZX636HNFAL,(50 STATE),Metallic Matte Graphenesteel Gray/Metallic Diablo Black,GY1,1,"9,473",78,435,"9,830","10,799",209,418,231,462,297,594,352,704
(A),ZX636HNFAN,,Ninja® ZXTM-6R KRT Edition,,,,,,,,,,,,,,,
"",ZX636HNFAL,(50 STATE),Lime Green/Ebony/Pearl Blizzard White,GN1,1,"9,473",78,435,"9,830","10,799",209,418,231,462,297,594,352,704
(A),ZX636GNFAN,,Ninja® ZXTM-6R ABS KRT Edition,,,,,,,,,,,,,,,
"",ZX636GNFAL,(50 STATE),Lime Green/Ebony/Pearl Blizzard White,GN1,1,"10,343",78,435,"10,700","11,799",209,418,231,462,297,594,352,704
(A),ER650KNFAN,,Z650 ABS,,,,,,,,,,,,,,,
"",ER650KNFAL,(50 STATE),Pearl Robotic White/Metallic Matte Graphenesteel Gray,WT1,1,"7,083",81,435,"7,437","8,049",209,418,231,462,297,594,352,704
"",ER650KNFCL,(50 STATE),Z650 50th Anniversary,,,,,,,,,,,,,,,
"",,,Firecracker Red,RD1,1,"7,301",81,435,"7,655","8,299",209,418,231,462,297,594,352,704
(A),ER650LNFNN,,Z650,,,,,,,,,,,,,,,
"",ER650LNFNL,(50 STATE),Metallic Spark Black/Metallic Flat Spark Black,BK1,1,"6,649",82,435,"7,002","7,549",209,418,231,462,297,594,352,704
"",ER650MNACL,(50 STATE),Z650RS 50th Anniversary,,,,,,,,,,,,,,,
"",,,Candy Diamond Brown,BN1,1,"8,128",82,435,"8,481","9,249",209,418,231,462,297,594,352,704
(A),ER650MNFAN,,Z650RS,,,,,,,,,,,,,,,
"",ER650MNFAL,(50 STATE),Metallic Moondust Gray/Ebony,GY1,1,"7,911",82,435,"8,264","8,999",209,418,231,462,297,594,352,704
(A),ER650MNFBN,,Z650RS,,,,,,,,,,,,,,,
"",ER650MNFBL,(50 STATE),Candy Emerald Green,GN1,1,"7,911",82,435,"8,264","8,999",209,418,231,462,297,594,352,704
(A),EX650MNFNN,,Ninja® 650 ABS,,,,,,,,,,,,,,,
"",EX650MNFNL,(50 STATE),Metallic Matte Graphenesteel Gray,GY1,1,"7,298",78,435,"7,655","8,299",209,418,231,462,297,594,352,704
(A),EX650MNFAN,,Ninja® 650 ABS Pearl Robotic White/Metallic Carbon Gray,WT1,2,,,,,,,,,,,,,
"",EX650MNFAL,(50 STATE),KRT Edition Lime Green/Ebony/Pearl Blizzard White,GN1,1,"7,472",78,435,"7,829","8,499",209,418,231,462,297,594,352,704
(A),EX650NNFNN,,Ninja® 650,,,,,,,,,,,,,,,
"",EX650NNFNL,(50 STATE),Metallic Matte Graphenesteel Gray,GY1,1,"6,950",78,435,"7,307","7,899",209,418,231,462,297,594,352,704
(A),EX650NNFAN,,Ninja® 650 Pearl Robotic White/Metallic Carbon Gray,WT1,2,,,,,,,,,,,,,
"",EX650NNFAL,(50 STATE),KRT Edition Lime Green/Ebony/Pearl Blizzard White,GN1,1,"7,124",78,435,"7,481","8,099",209,418,231,462,297,594,352,704
(A),EN650CNFAN,,Vulcan® S Metallic Matte Graphenesteel Gray/Metallic Matte Graphite Gray,GY1,1,,,,,,,,,,,,,
"",EN650CNFAL,(50 STATE),Pearl Robotic White,WT1,2,"6,672",117,435,"6,990","7,449",209,418,231,462,297,594,352,704
(A),EN650DNFAN,,Vulcan® S ABS Metallic Matte Graphenesteel Gray/Metallic Matte Graphite Gray,GY1,1,,,,,,,,,,,,,
"",EN650DNFAL,(50 STATE),Pearl Robotic White,WT1,2,"7,024",117,435,"7,342","7,849",209,418,231,462,297,594,352,704
(A),EN650LNFNN,,Vulcan® S CAFE,,,,,,,,,,,,,,,
"",EN650LNFNL,(50 STATE),Ebony/Pearl Robotic White/Candy Steel Furnace Orange,BK1,1,"7,199",116,435,"7,518","8,049",209,418,231,462,297,594,352,704
"",KLE650HNFAL,(50 STATE),Versys® 650 ABS,,,,,,,,,,,,,,,
"",,,Candy Lime Green / Metallic Flat Spark Black/Metallic Spark Black,BK1,1,"8,029",113,435,"8,351","9,099",209,418,231,462,297,594,352,704
(A),KLE650HNFNN,,Versys® 650 ABS,,,,,,,,,,,,,,,
"",KLE650HNFNL,(50 STATE),Metallic Spark Black/Metallic Flat Spark Black,BK1,1,"7,855",113,435,"8,177","8,899",209,418,231,462,297,594,352,704
"",KLE650HNFXL,(50 STATE),Versys® 650 LT,,,,,,,,,,,,,,,
"",,,Metallic Spark Black/Metallic Flat Spark Black,BK1,2,"8,812",113,435,"9,134","9,999",209,418,231,462,297,594,352,704
MODEL/NAME,COLORS,"ColorCode","PkgCode","DEALERCOST","ASSY &PREPCREDIT","K-TRANSCHARGE","DEALERINVOICEAMOUNT","SUGG.RETAIL"
KAWASAKI PROTECTION PLUS,,,,,,,
12-Month Program,24-Month Program,36-Month Program,48-Month Program,,,,
"DEALERNET COST","SUGG.RETAIL","DEALERNET COST","SUGG.RETAIL","DEALERNET COST","SUGG.RETAIL","DEALERNET COST","SUGG.RETAIL"
EJ800DNFNL(50 STATE)W800,Candy Fire Red/Metallic Diablo Black,RD1,1,"8,093",90,435,"8,438","9,199"
VN900BNFAL(50 STATE)Vulcan® 900 CLASSIC,Metallic Dark Green/Pearl Robotic White,GN1,1,"7,492",98,460,"7,854","8,499"
VN900CNFAL(50 STATE)Vulcan® 900 CUSTOM,Pearl Nightshade Teal/Metallic Graphite Gray,BU1,1,"7,932",103,460,"8,289","8,999"
VN900DNFNL(50 STATE)Vulcan® 900 CLASSIC LT,Pearl Robotic White/Pearl Nightshade Teal,WT1,1,"8,370",106,460,"8,724","9,499"
ZR900CNFBL(50 STATE)Z900RS,Candytone Blue,BU1,1,"10,314",93,460,"10,681","11,749"
ZR900CNACL(50 STATE)Z900RS 50th Anniversary,Candy Diamond Brown,BN1,1,"10,575",93,460,"10,942","12,049"
ZR900ENFAL(50 STATE)Z900RS CAFE,Metallic Diablo Black,BK1,1,"10,705",92,460,"11,073","12,199"
"(A)ZR900FNFNNZ900 ABSZR900FNFNL(50 STATE)(A)ZR900FNSNNZR900FNSNL(50 STATE)",Pearl Robotic White/Metallic Spark Black,WT1,1,"8,106",103,460,"8,463","9,199"
"",Metallic Matte Twilight Blue/Metallic Spark Black,BU1,2,,,,,
"ZR900FNFCL(50 STATE)Z900 50th AnniversaryZR900FNSCL(50 STATE)",Firecracker Red,RD1,1,"8,367",103,460,"8,724","9,499"
"ZR900MNFNL(50 STATE)Z900 SEZR900MNSNL(50 STATE)",Metallic Spark Black/Candy Lime Green,BK3,1,"9,411",103,460,"9,768","10,699"
ZR900NNFNL(50 STATE)Z900RS SE,Metallic Diablo Black,BK3,1,"11,793",93,460,"12,160","13,449"
KLZ1000DNFXL(50 STATE)Versys® 1000 SE LT+,Metallic Graphite Gray/Metallic Diablo Black/Metallic Flat Spark Black,GY1,1,"16,118",111,460,"16,467","18,399"
ZR1000KNFAL(50 STATE)Z H2,Metallic Graphite Gray/Metallic Diablo Black,GY1,1,"15,741",81,460,"16,120","18,000"
ZR1000LNFNL(50 STATE)Z H2 SE,Metallic Diablo Black/Golden Blazed Green,GN2,1,"17,655",81,460,"18,034","20,200"
ZX1000YNFNN(50 STATE)Ninja H2®R,Mirror Coated Matte Spark Black,GY3,1,"49,222",67,460,"49,615","56,500"
ZX1002JNFNL(50 STATE)Ninja H2®,Mirror Coated Spark Black,GY1,1,"26,605",70,460,"26,995","30,500"
ZX1002JNANL(50 STATE)Ninja H2® Carbon,Mirror Coated Matte Spark Black/Candy Flat Blazed Green,GY2,1,"29,650",70,460,"30,040","34,000"
ZX1002RNFNL(50 STATE)Ninja H2® SX SE,Emerald Blazed Green/Metallic Diablo Black/Metallic Graphite Gray,GN2,1,"23,990",65,460,"24,385","27,500"
ZX1002KNFAL(50 STATE)Ninja® 1000SX,Metallic Matte Graphenesteel Gray/Metallic Diablo Black,GY1,1,"11,312",90,460,"11,682","12,899"
ZX1002LNFAL(50 STATE)Ninja® ZXTM-10R ABS,Metallic Matte Graphenesteel Gray/Metallic Diablo Black,GY1,1,"15,919",86,460,"16,293","18,199"
ZX1002LNFAL(50 STATE)Ninja® ZXTM-10R ABS KRT Edition,Lime Green/Ebony/Pearl Blizzard White,GN1,1,"15,919",86,460,"16,293","18,199"
ZX1002MNFAL(50 STATE)Ninja® ZXTM-10R KRT Edition,Lime Green/Ebony/Pearl Blizzard White,GN1,1,"15,049",86,460,"15,423","17,199"
ZX1002MNFAL(50 STATE)Ninja® ZXTM-10R,Metallic Matte Graphenesteel Gray/Metallic Diablo Black,GY1,1,"15,049",86,460,"15,423","17,199"
ZG1400ENFNL(50 STATE)Concours® 14 ABS,Metallic Spark Black,BK1,1,"14,066",147,460,"14,379","15,999"
ZX1400JNFNL(50 STATE)Ninja® ZXTM-14R ABS,Pearl Storm Gray/Metallic Diablo Black,GY1,1,"13,647",76,460,"14,031","15,599"
VN1700BNFNL(50 STATE)Vulcan® 1700 Voyager® ABS,Pearl Robotic White/Pearl Nightshade Teal,WT1,1,"16,088",168,460,"16,380","18,299"
VN1700KNFAL(50 STATE)Vulcan® 1700  Vaquero® ABS,Metallic Matte Graphenesteel Gray,GY1,1,"15,479",168,460,"15,771","17,599"
209,418,231,462,297,594,352,704
209,418,231,462,297,594,352,704
209,418,231,462,297,594,352,704
209,418,231,462,297,594,352,704
209,418,231,462,297,594,352,704
209,418,231,462,297,594,352,704
209,418,231,462,297,594,352,704
209,418,231,462,297,594,352,704
209,418,231,462,297,594,352,704
209,418,231,462,297,594,352,704
209,418,231,462,297,594,352,704
248,496,275,550,341,682,396,792
501,"1,002",561,"1,122",699,"1,398",820,"1,640"
501,"1,002",561,"1,122",699,"1,398",820,"1,640"
N/A,N/A,N/A,N/A,N/A,N/A,N/A,N/A
501,"1,002",561,"1,122",699,"1,398",820,"1,640"
501,"1,002",561,"1,122",699,"1,398",820,"1,640"
501,"1,002",561,"1,122",699,"1,398",820,"1,640"
248,496,275,550,341,682,396,792
248,496,275,550,341,682,396,792
248,496,275,550,341,682,396,792
248,496,275,550,341,682,396,792
248,496,275,550,341,682,396,792
259,518,314,628,352,704,N/A,N/A
248,496,275,550,341,682,396,792
259,518,314,628,352,704,N/A,N/A
259,518,314,628,352,704,N/A,N/A
"KLX®110RKLX110CNFNN",Lime Green,GN1,1,"2,243",69,245,"2,419","2,499"
"KLX®110R LKLX110DNFNN",Lime Green,GN1,1,"2,417",69,245,"2,593","2,699"
"KLX®140RKLX140ANFNN",Lime Green,GN1,1,"2,952",82,245,"3,115","3,299"
"KLX®140R LKLX140BNFNN",Lime Green,GN1,1,"3,213",82,245,"3,376","3,599"
"KLX®140R FKLX140CNFNN",Lime Green,GN1,1,"3,474",82,245,"3,637","3,899"
"(A)KLX230ENFNNKLX®230RKLX230ENFNL(50 STATE)KLX230ENSNN",Lime Green,GN1,1,"4,099",98,245,"4,246","4,599"
154,308,176,352,198,396,N/A,N/A
154,308,176,352,198,396,N/A,N/A
154,308,176,352,198,396,N/A,N/A
154,308,176,352,198,396,N/A,N/A
154,308,176,352,198,396,N/A,N/A
154,308,176,352,198,396,N/A,N/A
MODEL/NAME,COLORS,"ColorCode","PkgCode","DEALERCOST","ASSY &PREPCREDIT","K-TRANSCHARGE","DEALERINVOICEAMOUNT","SUGG.RETAIL"
KAWASAKI PROTECTION PLUS,,,,,,,
12-Month Program,24-Month Program,36-Month Program,48-Month Program,,,,
"DEALERNET COST","SUGG.RETAIL","DEALERNET COST","SUGG.RETAIL","DEALERNET COST","SUGG.RETAIL","DEALERNET COST","SUGG.RETAIL"
"(A)KLX230FNFNNKLX®230R SKLX230FNFNL(50 STATE)(A)KLX230FNSNNKLX230FNSNL(50 STATE)",Lime Green,GN1,1,"4,099",98,245,"4,246","4,599"
"(A)KLX300CNFNNKLX®300RKLX300CNFNL(50 STATE)",Lime Green,GN1,1,"5,057",99,435,"5,393","5,699"
"KXTM65KX65CNFNN",Lime Green,GN1,1,"3,475",83,245,"3,637","3,899"
"KXTM85KX85CNFNN",Lime Green,GN1,1,"4,084",83,245,"4,246","4,599"
"KXTM112KX112ANFNN",Lime Green,GN1,1,"4,519",83,245,"4,681","5,099"
"KXTM250KX252CNFNN",Lime Green,GN1,1,"7,395",88,435,"7,742","8,399"
"KXTM250XKX252DNFNN",Lime Green,GN1,1,"7,482",88,435,"7,829","8,499"
"KXTM450KX450JNFNN",Lime Green,GN1,1,"8,452",101,435,"8,786","9,599"
"KXTM450XKX450KNFNN",Lime Green,GN1,1,"8,629",104,435,"8,960","9,799"
"KXTM450SRKX450LNFNN",Lime Green,GN1,1,"10,888",101,435,"11,222","12,399"
154,308,176,352,198,396,N/A,N/A
182,364,209,418,253,506,N/A,N/A
N/A,N/A,N/A,N/A,N/A,N/A,N/A,N/A
N/A,N/A,N/A,N/A,N/A,N/A,N/A,N/A
N/A,N/A,N/A,N/A,N/A,N/A,N/A,N/A
N/A,N/A,N/A,N/A,N/A,N/A,N/A,N/A
N/A,N/A,N/A,N/A,N/A,N/A,N/A,N/A
N/A,N/A,N/A,N/A,N/A,N/A,N/A,N/A
N/A,N/A,N/A,N/A,N/A,N/A,N/A,N/A
N/A,N/A,N/A,N/A,N/A,N/A,N/A,N/A
"(A)KLX230BNSNNKLX®230KLX230BNSNL(50 STATE)",Lime Green,GN1,1,"4,274",99,245,"4,420","4,799"
"(A)KLX230DNSNNKLX®230 SEKLX230DNSNL(50 STATE)","Firecracker RedOriental Blue","RD1BU1",1,"4,448",99,245,"4,594","4,999"
"(A)KLX230GNFNNKLX®230 S ABSKLX230GNFNL(50 STATE)",Lime Green,"GN1GN3","12","4,535",99,245,"4,681","5,099"
"",Urban Olive Green/Ebony,,,,,,,
"(A)KLX230HNFNNKLX®230 SKLX230HNFNL(50 STATE)",Lime Green,GN1,1,"4,274",99,245,"4,420","4,799"
"(A)KLX300DNFNNKLX®300KLX300DNFNL(50 STATE)",Lime Green,GN1,1,"5,144",99,435,"5,480","5,799"
"(A)KLX300DNFANKLX®300KLX300DNFAL(50 STATE)",Fragment Camo Gray,GY1,1,"5,318",99,435,"5,654","5,999"
"(A)KL650FNFNNKLR® 650 ABSKL650FNFNL(50 STATE)",Pearl Sand Khaki,GN1,1,"6,183",94,435,"6,524","6,999"
"(A)KL650GNFNNKLR® 650KL650GNFNL(50 STATE)",Pearl Sand Khaki,GN1,1,"5,922",94,435,"6,263","6,699"
"",Pearl Lava Orange,OG1,2,,,,,
"(A)KL650HNFANKLR® 650 ABS ADVENTUREKL650HNFAL(50 STATE)",Cypher Camo Gray,GY2,1,"7,053",94,435,"7,394","7,999"
"(A)KL650HNSANKLR® 650 ABS ADVENTUREKL650HNSAL(50 STATE)(Non USB)",Cypher Camo Gray,GY2,1,"6,966",94,435,"7,307","7,899"
"(A)KL650LNFANKLR® 650 ADVENTUREKL650LNFAL(50 STATE)",Cypher Camo Gray,GY2,1,"6,792",94,435,"7,133","7,699"
"(A)KL650JNFNNKLR® 650 ABS TRAVELERKL650JNFNL(50 STATE)",Pearl Lava Orange,OG1,1,"6,531",94,435,"6,872","7,399"
"(A)KL650JNSNNKLR® 650 ABS TRAVELERKL650JSNL(50 STATE)(Non USB)",Pearl Lava Orange,OG1,1,"6,444",94,435,"6,785","7,299"
165,330,193,386,242,484,297,594
165,330,193,386,242,484,297,594
165,330,193,386,242,484,297,594
165,330,193,386,242,484,297,594
165,330,193,386,242,484,297,594
165,330,193,386,242,484,297,594
209,418,231,462,297,594,352,704
209,418,231,462,297,594,352,704
209,418,231,462,297,594,352,704
209,418,231,462,297,594,352,704
209,418,231,462,297,594,352,704
209,418,231,462,297,594,352,704
209,418,231,462,297,594,352,704
MODEL/NAME,"DEALERINVOICEAMOUNT","K-TRANSCHARGE","RETAILBONUS","DEALERNET COST","SUGG.RETAIL"
"(A)BR125JNFNNZ125 PROBR125JNFNL(50 STATE)","3,202",245,170,"2,787","3,399"
"(A)KLE300CNFANVersys®-X 300 ABSKLE300CNFAL(50 STATE)","5,741",435,305,"5,001","6,099"
"(A)KLX300ENFNNKLX®300SMKLX300ENFNL(50 STATE)","5,828",435,310,"5,083","6,199"
"(A)ER400DNFNNZ400 ABSER400DNFNL(50 STATE)","4,854",435,N/A,"4,419*","5,199"
"(A)EX400GNFNNNinja® 400 ABSEX400GNFNL(50 STATE)","5,194",435,N/A,"4,759*","5,599"
"(A)EX400GNFANNinja® 400 ABSEX400GNFAL(50 STATE)KRT Edition","5,364",435,N/A,"4,929*","5,799"
"(A)EX400HNFNNNinja® 400EX400HNFNL(50 STATE)","4,854",435,N/A,"4,419*","5,199"
"(A)EX400HNFANNinja® 400EX400HNFAL(50 STATE)","5,024",435,N/A,"4,589*","5,399"
"(A)ZX636HNFNNNinja® ZXTM-6RZX636HNFNL(50 STATE)","9,569",435,525,"8,609","10,499"
"(A)ZX636HNFANNinja® ZXTM-6RZX636HNFAL(50 STATE)","9,830",435,540,"8,855","10,799"
"(A)ZX636HNFANNinja® ZXTM-6R KRT EditionZX636HNFAL(50 STATE)","9,830",435,"0540","8,855","010,799"
"(A)ZX636GNFANNinja® ZXTM-6R ABS KRT EditionZX636GNFAL(50 STATE)","10,700",435,590,"9,675","11,799"
"(A)ER650KNFANZ650 ABSER650KNFAL(50 STATE)","7,437",435,402,"6,600","8,049"
"Z650 50th AnniversaryER650KNFCL(50 STATE)","7,655",435,415,"6,805","8,299"
"(A)ER650LNFNNZ650ER650LNFNL(50 STATE)","7,002",435,377,"6,190","7,549"
"Z650RS 50th AnniversaryER650MNACL(50 STATE)","8,481",435,462,"7,584","9,249"
"(A)ER650MNFANZ650RSER650MNFAL(50 STATE)","8,264",435,450,"7,379","8,999"
"(A)ER650MNFBNZ650RSER650MNFBL(50 STATE)","8,264",435,450,"7,379","8,999"
"(A)EX650MNFNNNinja® 650 ABSEX650MNFNL(50 STATE)","7,655",435,415,"6,805","8,299"
"(A)EX650MNFANNinja® 650 ABSEX650MNFAL(50 STATE)KRT Edition","7,829",435,425,"6,969","8,499"
"(A)EX650NNFNNNinja® 650EX650NNFNL(50 STATE)","7,307",435,395,"6,477","7,899"
"(A)EX650NNFANNinja® 650EX650NNFAL(50 STATE)KRT Edition","7,481",435,405,"6,641","8,099"
"(A)EN650CNFANVulcan® SEN650CNFAL(50 STATE)","6,990",435,372,"6,183**","7,449"
"(A)EN650DNFANVulcan® S ABSEN650DNFAL(50 STATE)","7,342",435,392,"6,515**","7,849"
"(A)EN650LNFNNVulcan® S CAFEEN650LNFNL(50 STATE)","7,518",435,402,"6,681**","8,049"
"Versys® 650 ABSKLE650HNFAL(50 STATE)","8,351",435,455,"7,461","9,099"
"(A)KLE650HNFNNVersys® 650 ABSKLE650HNFNL(50 STATE)","8,177",435,445,"7,297","8,899"
KLE650HNFXL(50 STATE)Versys® 650 LT,"9,134",435,500,"8,199","9,999"
"W800EJ800DNFNL(50 STATE)","8,438",435,460,"7,543","9,199"
"Vulcan® 900 CLASSICVN900BNFAL(50 STATE)","7,854",460,425,"6,969","8,499"
"Vulcan® 900 CUSTOMVN900CNFAL(50 STATE)","8,289",460,450,"7,379","8,999"
"Vulcan® 900 CLASSIC LTVN900DNFNL(50 STATE)","8,724",460,475,"7,789","9,499"
MODEL/NAME,"DEALERINVOICEAMOUNT","K-TRANSCHARGE","RETAILBONUS","DEALERNET COST","SUGG.RETAIL"
"Z900RSZR900CNFBL(50 STATE)","10,681",460,587,"9,634","11,749"
"Z900RS 50th AnniversaryZR900CNACL(50 STATE)","10,942",460,602,"9,880","12,049"
"Z900RS CAFEZR900ENFAL(50 STATE)","11,073",460,610,"10,003","12,199"
"(A)ZR900FNFNNZ900 ABSZR900FNFNL(50 STATE)(A)ZR900FNSNNZR900FNSNL(50 STATE)","008,463","00460","00460","007,543","009,199"
"ZR900FNFCL(50 STATE)Z900 50th AnniversaryZR900FNSCL(50 STATE)","08,724","0460","0475","07,789","09,499"
"Z900 SEZR900MNFNL(50 STATE)ZR900MNSNL(50 STATE)","09,768","0460","0535","08,773","010,699"
"Z900RS SEZR900NNFNL(50 STATE)","12,160",460,672,"11,028","13,449"
"Versys® 1000 SE LT+KLZ1000DNFXL(50 STATE)","16,467",460,920,"15,087","18,399"
"Z H2ZR1000KNFAL(50 STATE)","16,120",460,900,"14,760","18,000"
"Z H2 SEZR1000LNFNL(50 STATE)","18,034",460,"1,010","16,564","20,200"
"Ninja H2®RZX1000YNFNN(50 STATE)","49,615",460,N/A,"48,025*","56,500"
"Ninja H2®ZX1002JNFNL(50 STATE)","26,995",460,N/A,"25,925*","30,500"
"Ninja H2® CarbonZX1002JNANL(50 STATE)","30,040",460,N/A,"28,900*","34,000"
"Ninja H2® SX SEZX1002RNFNL(50 STATE)","24,385",460,"1,375","22,550","27,500"
"Ninja® 1000SXZX1002KNFAL(50 STATE)","11,682",460,645,"10,577","12,899"
"Ninja® ZXTM-10R ABSZX1002LNFAL(50 STATE)","16,293",460,910,"14,923","18,199"
"Ninja® ZXTM-10R ABS KRT EditionZX1002LNFAL(50 STATE)","16,293",460,910,"14,923","18,199"
"Ninja® ZXTM-10R KRT EditionZX1002MNFAL(50 STATE)","15,423",460,860,"14,103","17,199"
"Ninja® ZXTM-10RZX1002MNFAL(50 STATE)","15,423",460,860,"14,103","17,199"
"Concours® 14 ABSZG1400ENFNL(50 STATE)","14,379",460,800,"13,119","15,999"
"Ninja® ZXTM-14R ABSZX1400JNFNL(50 STATE)","14,031",460,780,"12,791","15,599"
"Vulcan® 1700 Voyager® ABSVN1700BNFNL(50 STATE)","16,380",460,915,"15,005","18,299"
"Vulcan® 1700  Vaquero® ABSVN1700KNFAL(50 STATE)","15,771",460,880,"14,431","17,599"
"KLX®110RKLX110CNFNN","2,419",245,125,"2,049","2,499"
"KLX®110R LKLX110DNFNN","2,593",245,135,"2,213","2,699"
"KLX®140RKLX140ANFNN","3,115",245,165,"2,705","3,299"
"KLX®140R LKLX140BNFNN","3,376",245,180,"2,951","3,599"
"KLX®140R FKLX140CNFNN","3,637",245,195,"3,197","3,899"
"(A)KLX230ENFNNKLX®230RKLX230ENFNL(50 STATE)KLX230ENSNN","04,246","0245","0230","03,771","04,599"
"(A)KLX230FNFNNKLX®230R SKLX230FNFNL(50 STATE)(A)KLX230FNSNNKLX230FNSNL(50 STATE)","04,246","0245","0230","03,771","04,599"
"(A)KLX300CNFNNKLX®300RKLX300CNFNL(50 STATE)","5,393",435,285,"4,673","5,699"
MODEL/NAME,"DEALERINVOICEAMOUNT","K-TRANSCHARGE","RETAILBONUS","DEALERNET COST","SUGG.RETAIL"
"KXTM65KX65CNFNN","3,637",245,195,"3,197","3,899"
"KXTM85KX85CNFNN","4,246",245,230,"3,771","4,599"
"KXTM112KX112ANFNN","4,681",245,255,"4,181","5,099"
"KXTM250KX252CNFNN","7,742",435,420,"6,887","8,399"
"KXTM250XKX252DNFNN","7,829",435,425,"6,969","8,499"
"KXTM450KX450JNFNN","8,786",435,480,"7,871","9,599"
"KXTM450XKX450KNFNN","8,960",435,490,"8,035","9,799"
"KXTM450SRKX450LNFNN","11,222",435,620,"10,167","12,399"
"(A)KLX230BNSNNKLX®230KLX230BNSNL(50 STATE)","4,420",245,240,"3,935","4,799"
"(A)KLX230DNSNNKLX®230 SEKLX230DNSNL(50 STATE)","4,594",245,250,"4,099","4,999"
"(A)KLX230GNFNNKLX®230 S ABSKLX230GNFNL(50 STATE)","4,681",245,255,"4,181","5,099"
"(A)KLX230HNFNNKLX®230 SKLX230HNFNL(50 STATE)","4,420",245,240,"3,935","4,799"
"(A)KLX300DNFNNKLX®300KLX300DNFNL(50 STATE)","5,480",435,290,"4,755","5,799"
"(A)KLX300DNFANKLX®300KLX300DNFAL(50 STATE)","5,654",435,300,"4,919","5,999"
"(A)KL650FNFNNKLR® 650 ABSKL650FNFNL(50 STATE)","6,524",435,350,"5,739","6,999"
"(A)KL650GNFNNKLR® 650KL650GNFNL(50 STATE)","6,263",435,335,"5,493","6,699"
"(A)KL650HNFANKLR® 650 ABS ADVENTUREKL650HNFAL(50 STATE)","7,394",435,400,"6,559","7,999"
"(A)KL650HNSANKLR® 650 ABS ADVENTUREKL650HNSAL(50 STATE)(Non USB)","7,307",435,395,"6,477","7,899"
"(A)KL650LNFANKLR® 650 ADVENTUREKL650LNFAL(50 STATE)","7,133",435,385,"6,313","7,699"
"(A)KL650JNFNNKLR® 650 ABS TRAVELERKL650JNFNL(50 STATE)","6,872",435,370,"6,067","7,399"
"(A)KL650JNSNNKLR® 650 ABS TRAVELERKL650JSNL(50 STATE)(Non USB)","6,785",435,365,"5,985","7,299"
